{
    "loss": 0.8611658215522766,
    "accuracy": 0.5035971403121948
}