{
    "loss": 15.069985389709473,
    "accuracy": 0.48201438784599304
}