{
    "loss": 8.521255493164062,
    "accuracy": 0.5467625856399536
}