{
    "loss": 1.6435080766677856,
    "accuracy": 0.7050359845161438
}